New CSS variables,Old SCSS variables,Note
,,
--color-brand-a,$color-a,
--color-brand-b,$color-b,
--color-brand-c,$color-c,
--color-brand-d,$color-d,
--color-brand-e,$color-e,
--color-brand-f,$color-f,
--color-brand-g,$color-g,
--color-neutral-a,$color-gray-a,
--color-neutral-b,$color-gray-b,
--color-neutral-c,$color-gray-c,
--color-neutral-d,$color-gray-d,
--color-neutral-e,$color-gray-e,
--color-neutral-f,$color-white,
--color-neutral-e-hover,,
,,
--font-base-color,$font-color,
--font-heading-color,$heading-color,
--pre-heading-color,$pre-heading-color,
--lead-color,$font-color,
--link-color,$link-color,
--button-background-color,$button-background-color,
--button-color,$button-color,
--button-outline-color,$button-outline-color,
--button-outline-border-color,$button-outline-border-color,
--button-outline-hover-color,$button-outline-hover-color,
--button-alternate-background-color,$button-alternate-background-color,
--button-alternate-color,$button-alternate-color,
--icon-background-color,$icon-circle-background-color,
--icon-color,$icon-color,
--label-background,$label-background,
--label-border-color,$label-border,Take only HEX value from this.
--label-color,$label-color,
--boxed-border-color,$boxed-border-color,
--module-heading-border-color,$color-module-heading-border,
--universal-accent-color,$color-a,
,,
--font-base-color-bg-dark,$color-white,
--font-heading-color-bg-dark,$module-heading-color-bgdark,
--pre-heading-color-bg-dark,$pre-heading-color-bgdark,
--lead-color-bg-dark,$color-white,
--link-color-bg-dark,$color-white,
--button-background-color-bg-dark,$color-white,
--button-font-color-bg-dark,$color-a,
--button-outline-border-color-bg-dark,$color-white,
--button-outline-font-color-bg-dark,$color-white,
--button-alternate-background-color-bg-dark,$color-white,
--button-alternate-font-color-bg-dark,$color-a,
--icon-background-color-bg-dark,$color-white,
--icon-color-bg-dark,$icon-color,
--label-background-bg-dark,$color-white,
--label-border-bg-dark,$color-white,
--label-color-bg-dark,$color-a,
--boxed-border-color-bg-dark,,
--module-heading-border-color-bg-dark,$module-heading-color-bgdark,
--universal-accent-color-on-bg-dark,$color-white,
,,
--font-xsmall,$font-xsmall,
--font-small,$font-small,
--font-normal,$font-normal,
--font-xnormal,$font-xnormal,
--font-medium,$font-medium,
--font-xmedium,$font-xmedium,
--font-large,$font-large,
--font-xlarge,$font-xlarge,
--font-xxlarge,$font-xxlarge,
--font-xlarge-size-span-1-9,$font-medium,
--font-xxlarge-size-span-1-9,$font-xmedium,
,,
--font-base-family,$font-base,
--font-base-weight,$font-base-weight,
,,
--font-heading-hyphens,$headlines-hyphens,
--font-heading-family,$font-headings,
--font-heading-weight,$h1-font-weight,
--h1-font-family,$h1-font-family,
--h2-font-family,$h2-font-family,
--h3-font-family,$h3-font-family,
--h4-font-family,$h4-font-family,
--h5-font-family,$h5-font-family,
--h6-font-family,$h6-font-family,
--h1-font-weight,$h1-font-weight,
--h2-font-weight,$h2-font-weight,
--h3-font-weight,$h3-font-weight,
--h4-font-weight,$h4-font-weight,
--h5-font-weight,$h5-font-weight,
--h6-font-weight,$h6-font-weight,
--h1-text-transform,$h1-text-transform,
--h2-text-transform,$h2-text-transform,
--h3-text-transform,$h3-text-transform,
--h4-text-transform,$h4-text-transform,
--h5-text-transform,$h5-text-transform,
--h6-text-transform,$h6-text-transform,
,,
--pre-heading-text-transform,$pre-heading-text-transform,
--pre-heading-font-size,$pre-heading-font-size,
--pre-heading-family,$pre-heading-family,
--pre-heading-weight,$pre-heading-weight,
,,
--lead-font-size,$lead-font-size,
--lead-font-family,$lead-font-family,
--lead-font-weight,$lead-font-weight,
,,
--link-style,$arrow-appearance,"If arrow appearance is ""right"" the make it ""left"""
,,
--font-xsmall-line-height,$font-xsmall-line-height,
--font-small-line-height,$font-small-line-height,
--font-normal-line-height,$font-normal-line-height,
--font-xnormal-line-height,$font-xnormal-line-height,
--font-medium-line-height,$font-medium-line-height,
--font-xmedium-line-height,$font-xmedium-line-height,
--font-large-line-height,$font-large-line-height,
--font-xlarge-line-height,$font-xlarge-line-height,
--font-xxlarge-line-height,$font-xxlarge-line-height,
--lead-font-line-height,$lead-line-height,
,,
--hero-h1-font-size,,
--hero-h1-line-height,,
--hero-h2-font-size,,
--hero-h2-line-height,,
,,
--grid-header-container-width,,
--grid-gutter-desktop,$grid-gutter,
--grid-gutter-mobile,$grid-gutter-mobile,
--grid-container-max-width,$wrapper-xlarge,
--grid-box-padding,$color-background-padding,
--grid-box-padding-mobile,$color-background-padding-mobile,
,,
--universal-border-radius,$universal-border-radius,
--boxed-border-width,$boxed-border-width,
--highlighted-box-shadow,$box-shadow,
--module-heading-border-width,$color-module-heading-border-width,
,,
--header-container-padding,$header-container-padding,
--header-background-color,$header-background-color,
--body-bg-color,$body-bg-color,
--main-bg-color,$wrapper-bg-color,
--footer-background-color,$footer-background-color,
--footer-smaller-heading-size,,
--footer-heading-text-transform,$footer-heading-text-transform,
--footer-heading-font-family,$footer-heading-font-family,
--footer-heading-font-weight,$footer-heading-font-weight,
--footer-heading-font-size,,
,,
--nav-main-align,$nav-main-align,
--nav-main-background-color,$nav-main-background-color,
--nav-main-container-background-color,,
--nav-main-container-padding-inline,,
--nav-main-border-top,$nav-main-border-top,
--nav-main-border-bottom,$nav-main-border-bottom,
--nav-main-active-state-height,$nav-main-active-state-height,
--nav-main-active-state-color,$nav-main-active-state-color,
--nav-main-link-gap,$nav-main-spacing,
--nav-main-link-padding,$nav-main-link-padding,
--nav-main-font-family,$nav-main-font-headings,if 'true' use --font-heading-family
--nav-main-link-font-size,$nav-main-link-font-size,
--nav-main-link-font-weight,$nav-main-link-font-weight,
--nav-main-link-color,$nav-main-link-color,
--nav-main-link-text-transform,$nav-main-link-text-transform,
,,
--nav-burger-background-color,$nav-burger-background-color,
--nav-burger-background-color-hover,,
--nav-burger-padding,$nav-burger-padding,
--nav-burger-label-and-icon-color,,
--nav-burger-label-and-icon-color-hover,,
--nav-burger-border-color,,
--nav-burger-border-color-hover,,
,,
--nav-burger-dropdown-link-font-family,,
--nav-burger-dropdown-link-font-size,,
--nav-burger-dropdown-link-font-weight,$nav-burger-font-weight,
--nav-burger-dropdown-service-link-font-size,,
--nav-burger-dropdown-service-link-font-weight,$nav-burger-service-links-font-weight,
--nav-burger-dropdown-link-align,,
,,
--nav-mega-menu-heading-size,,
,,
--service-color,$service-color,
--service-font-weight,$service-font-weight,
--service-font-family,$service-font-family,
--service-font-size,$service-font-size,
--service-text-transform,$service-text-transform,
,,
--breadcrumb-padding,$breadcrumb-padding,
--breadcrumb-link-color,$breadcrumb-link-color,
--breadcrumb-label-color,$breadcrumb-label-color,
--breadcrumb-active-color,$breadcrumb-active-color,
--breadcrumb-divider-color,$breadcrumb-divider-color,
--breadcrumb-bg-color,$breadcrumb-background-color,
,,
--left-menu-box-shadow,$sub-tree-box-shadow,
--left-menu-border-radius,$sub-tree-generel-border-radius,
,,
--mega-menu-bg-color,$mega-menu-bg-color,
,,
,,
BUTTONS,,
--button-universal-padding,$button-padding,
--button-universal-text-transform,$button-text-transform,
--button-universal-font-size,$button-font-size,
--button-universal-font-weight,$button-font-weight,
--button-universal-border-radius,$button-border-radius,
--button-universal-font-family,$button-font-family,
,,
--button-outline-border-size,$button-outline-border-size,
,,
--link-arrow-text-font-weight,$link-arrow-text-font-weight,
--link-arrow-text-font-family,$link-arrow-text-font-family,
--link-arrow-text-transform,,
,,
ICONS,,
--icon-default-font-family,$icon-system-light,
--icon-alternate-font-family,$icon-system,
--icon-default-font-size,$icon-font-size,
--icon-font-weight,$icon-circle-weight,
--icon-small-font-size,$icon-small-font-size,
--icon-background-size,$icon-circle-size-desktop,
--icon-background-border-radius,$icon-circle-border-radius,
,,
LABEL,,
--label-border-radius,$label-border-radius,
--label-text-transform,$label-text-transform,
--label-font-family,$label-font-family,
--label-font-weight,$label-font-weight,
--label-padding,$label-padding,
,,
FORMS,,
--form-field-height,$form-field-height,
,,
APSPECT RATIOS,,
--aspect-ratio-default,$aspect-ratio,
--hero-ratio-full-width,$hero-aspect-ratio-full-width,
--hero-ratio-desktop,$hero-aspect-ratio,
--hero-ratio-mobile,$hero-aspect-ratio-mobile,
--hero-split-box-ratio-full-width,$hero-split-box-ratio-full-width,
--hero-split-box-ratio-desktop,$hero-split-box-ratio,
--hero-split-box-ratio-mobile,$hero-split-box-ratio-mobile,